{
	"credit": "Made with Blockbench",
	"textures": {
		"39": "./texture"
	},
	"elements": [
		{
			"from": [11, 3.25, 9],
			"to": [11.25, 4.25, 13],
			"rotation": {"angle": 0, "axis": "y", "origin": [41, 3.25, 6]},
			"faces": {
				"north": {"uv": [6, 7, 6.125, 7.5], "texture": "#39"},
				"east": {"uv": [0, 0, 2, 0.5], "texture": "#39"},
				"south": {"uv": [7, 6, 7.125, 6.5], "texture": "#39"},
				"west": {"uv": [0, 0.5, 2, 1], "texture": "#39"},
				"up": {"uv": [3.125, 6, 3, 4], "texture": "#39"},
				"down": {"uv": [4.125, 3, 4, 5], "texture": "#39"}
			}
		},
		{
			"from": [11, 3.5, 5],
			"to": [11.25, 4.5, 9],
			"rotation": {"angle": 0, "axis": "y", "origin": [41, 3.25, 6]},
			"faces": {
				"north": {"uv": [6.5, 7, 6.625, 7.5], "texture": "#39"},
				"east": {"uv": [0, 1, 2, 1.5], "texture": "#39"},
				"south": {"uv": [7, 6.5, 7.125, 7], "texture": "#39"},
				"west": {"uv": [0, 1.5, 2, 2], "texture": "#39"},
				"up": {"uv": [3.625, 6, 3.5, 4], "texture": "#39"},
				"down": {"uv": [0.625, 4.5, 0.5, 6.5], "texture": "#39"}
			}
		},
		{
			"from": [11, 3.75, 1.25],
			"to": [11.25, 4.75, 5],
			"rotation": {"angle": 0, "axis": "y", "origin": [41, 3.25, 6]},
			"faces": {
				"north": {"uv": [7, 7, 7.125, 7.5], "texture": "#39"},
				"east": {"uv": [0, 2, 1.875, 2.5], "texture": "#39"},
				"south": {"uv": [0, 7.5, 0.125, 8], "texture": "#39"},
				"west": {"uv": [2, 0, 3.875, 0.5], "texture": "#39"},
				"up": {"uv": [1.125, 6.375, 1, 4.5], "texture": "#39"},
				"down": {"uv": [4.625, 1, 4.5, 2.875], "texture": "#39"}
			}
		},
		{
			"from": [11, 4, -0.5],
			"to": [11.25, 5, 1.25],
			"rotation": {"angle": 0, "axis": "y", "origin": [41, 3.25, 6]},
			"faces": {
				"north": {"uv": [0.5, 7.5, 0.625, 8], "texture": "#39"},
				"east": {"uv": [3, 0.5, 3.875, 1], "texture": "#39"},
				"south": {"uv": [1, 7.5, 1.125, 8], "texture": "#39"},
				"west": {"uv": [1, 3, 1.875, 3.5], "texture": "#39"},
				"up": {"uv": [0.625, 7.375, 0.5, 6.5], "texture": "#39"},
				"down": {"uv": [1.125, 6.5, 1, 7.375], "texture": "#39"}
			}
		},
		{
			"from": [11, 4.25, -2.5],
			"to": [11.25, 5.25, -0.5],
			"rotation": {"angle": 0, "axis": "y", "origin": [41, 3.25, 6]},
			"faces": {
				"north": {"uv": [7.5, 1, 7.625, 1.5], "texture": "#39"},
				"east": {"uv": [1, 2.5, 2, 3], "texture": "#39"},
				"south": {"uv": [1.5, 7.5, 1.625, 8], "texture": "#39"},
				"west": {"uv": [2.5, 2.5, 3.5, 3], "texture": "#39"},
				"up": {"uv": [4.125, 7, 4, 6], "texture": "#39"},
				"down": {"uv": [4.625, 6, 4.5, 7], "texture": "#39"}
			}
		},
		{
			"from": [11, 4.5, -4],
			"to": [11.25, 5.5, -2.5],
			"rotation": {"angle": 0, "axis": "y", "origin": [41, 3.25, 6]},
			"faces": {
				"north": {"uv": [2, 7.5, 2.125, 8], "texture": "#39"},
				"east": {"uv": [3.5, 1, 4.25, 1.5], "texture": "#39"},
				"south": {"uv": [7.5, 2.5, 7.625, 3], "texture": "#39"},
				"west": {"uv": [3.5, 1.5, 4.25, 2], "texture": "#39"},
				"up": {"uv": [6.625, 4.25, 6.5, 3.5], "texture": "#39"},
				"down": {"uv": [6.625, 4.5, 6.5, 5.25], "texture": "#39"}
			}
		},
		{
			"from": [11, 4.75, -4.75],
			"to": [11.25, 5.75, -4],
			"rotation": {"angle": 0, "axis": "y", "origin": [41, 3.25, 6]},
			"faces": {
				"north": {"uv": [3, 7.5, 3.125, 8], "texture": "#39"},
				"east": {"uv": [5.5, 1.5, 5.875, 2], "texture": "#39"},
				"south": {"uv": [7.5, 3, 7.625, 3.5], "texture": "#39"},
				"west": {"uv": [2, 5.5, 2.375, 6], "texture": "#39"},
				"up": {"uv": [0.125, 8.375, 0, 8], "texture": "#39"},
				"down": {"uv": [8.125, 0, 8, 0.375], "texture": "#39"}
			}
		},
		{
			"from": [11, 5, -5.5],
			"to": [11.25, 6, -4.75],
			"rotation": {"angle": 0, "axis": "y", "origin": [41, 3.25, 6]},
			"faces": {
				"north": {"uv": [3.5, 7.5, 3.625, 8], "texture": "#39"},
				"east": {"uv": [5.5, 2, 5.875, 2.5], "texture": "#39"},
				"south": {"uv": [7.5, 3.5, 7.625, 4], "texture": "#39"},
				"west": {"uv": [5.5, 2.5, 5.875, 3], "texture": "#39"},
				"up": {"uv": [0.625, 8.375, 0.5, 8], "texture": "#39"},
				"down": {"uv": [8.125, 0.5, 8, 0.875], "texture": "#39"}
			}
		},
		{
			"from": [11, 5.25, -6.25],
			"to": [11.25, 6.25, -5.5],
			"rotation": {"angle": 0, "axis": "y", "origin": [41, 3.25, 6]},
			"faces": {
				"north": {"uv": [7.5, 4, 7.625, 4.5], "texture": "#39"},
				"east": {"uv": [4, 5.5, 4.375, 6], "texture": "#39"},
				"south": {"uv": [4.5, 7.5, 4.625, 8], "texture": "#39"},
				"west": {"uv": [4.5, 5.5, 4.875, 6], "texture": "#39"},
				"up": {"uv": [1.125, 8.375, 1, 8], "texture": "#39"},
				"down": {"uv": [8.125, 1, 8, 1.375], "texture": "#39"}
			}
		},
		{
			"from": [11, 5.5, -6.75],
			"to": [11.25, 6.5, -6.25],
			"rotation": {"angle": 0, "axis": "y", "origin": [41, 3.25, 6]},
			"faces": {
				"north": {"uv": [5, 7.5, 5.125, 8], "texture": "#39"},
				"east": {"uv": [6, 5, 6.25, 5.5], "texture": "#39"},
				"south": {"uv": [7.5, 5, 7.625, 5.5], "texture": "#39"},
				"west": {"uv": [6, 5.5, 6.25, 6], "texture": "#39"},
				"up": {"uv": [5.625, 8.25, 5.5, 8], "texture": "#39"},
				"down": {"uv": [8.125, 5.5, 8, 5.75], "texture": "#39"}
			}
		},
		{
			"from": [11, 5.75, -7.25],
			"to": [11.25, 6.75, -6.75],
			"rotation": {"angle": 0, "axis": "y", "origin": [41, 3.25, 6]},
			"faces": {
				"north": {"uv": [7.5, 5.5, 7.625, 6], "texture": "#39"},
				"east": {"uv": [6, 6, 6.25, 6.5], "texture": "#39"},
				"south": {"uv": [6, 7.5, 6.125, 8], "texture": "#39"},
				"west": {"uv": [6.5, 0, 6.75, 0.5], "texture": "#39"},
				"up": {"uv": [6.125, 8.25, 6, 8], "texture": "#39"},
				"down": {"uv": [8.125, 6, 8, 6.25], "texture": "#39"}
			}
		},
		{
			"from": [11, 6.25, -7.75],
			"to": [11.25, 7, -7.25],
			"rotation": {"angle": 0, "axis": "y", "origin": [41, 3.25, 6]},
			"faces": {
				"north": {"uv": [1.5, 8, 1.625, 8.375], "texture": "#39"},
				"east": {"uv": [6.5, 0.5, 6.75, 0.875], "texture": "#39"},
				"south": {"uv": [8, 1.5, 8.125, 1.875], "texture": "#39"},
				"west": {"uv": [5, 6.5, 5.25, 6.875], "texture": "#39"},
				"up": {"uv": [6.625, 8.25, 6.5, 8], "texture": "#39"},
				"down": {"uv": [8.125, 6.5, 8, 6.75], "texture": "#39"}
			}
		},
		{
			"from": [11, 6, -7.5],
			"to": [11.25, 6.25, -7.25],
			"rotation": {"angle": 0, "axis": "y", "origin": [41, 3.25, 6]},
			"faces": {
				"north": {"uv": [8.5, 3, 8.625, 3.125], "texture": "#39"},
				"east": {"uv": [3.5, 8.5, 3.625, 8.625], "texture": "#39"},
				"south": {"uv": [8.5, 3.5, 8.625, 3.625], "texture": "#39"},
				"west": {"uv": [4, 8.5, 4.125, 8.625], "texture": "#39"},
				"up": {"uv": [8.625, 4.125, 8.5, 4], "texture": "#39"},
				"down": {"uv": [4.625, 8.5, 4.5, 8.625], "texture": "#39"}
			}
		},
		{
			"from": [11, 6.5, -8],
			"to": [11.25, 6.75, -7.75],
			"rotation": {"angle": 0, "axis": "y", "origin": [41, 3.25, 6]},
			"faces": {
				"north": {"uv": [8.5, 4.5, 8.625, 4.625], "texture": "#39"},
				"east": {"uv": [5, 8.5, 5.125, 8.625], "texture": "#39"},
				"south": {"uv": [8.5, 5, 8.625, 5.125], "texture": "#39"},
				"west": {"uv": [5.5, 8.5, 5.625, 8.625], "texture": "#39"},
				"up": {"uv": [8.625, 5.625, 8.5, 5.5], "texture": "#39"},
				"down": {"uv": [6.125, 8.5, 6, 8.625], "texture": "#39"}
			}
		},
		{
			"from": [11, 6.75, -8.25],
			"to": [11.25, 7.25, -7.75],
			"rotation": {"angle": 0, "axis": "y", "origin": [41, 3.25, 6]},
			"faces": {
				"north": {"uv": [7, 8, 7.125, 8.25], "texture": "#39"},
				"east": {"uv": [7.5, 6, 7.75, 6.25], "texture": "#39"},
				"south": {"uv": [8, 7, 8.125, 7.25], "texture": "#39"},
				"west": {"uv": [6.5, 7.5, 6.75, 7.75], "texture": "#39"},
				"up": {"uv": [7.625, 8.25, 7.5, 8], "texture": "#39"},
				"down": {"uv": [8.125, 7.5, 8, 7.75], "texture": "#39"}
			}
		},
		{
			"from": [10.75, 2.25, 13],
			"to": [11.5, 3, 13.5],
			"rotation": {"angle": 0, "axis": "y", "origin": [16.75, 7.25, 14]},
			"faces": {
				"north": {"uv": [2, 6, 2.375, 6.375], "texture": "#39"},
				"east": {"uv": [5.5, 6.5, 5.75, 6.875], "texture": "#39"},
				"south": {"uv": [6, 2.5, 6.375, 2.875], "texture": "#39"},
				"west": {"uv": [6.5, 5.5, 6.75, 5.875], "texture": "#39"},
				"up": {"uv": [6.375, 6.75, 6, 6.5], "texture": "#39"},
				"down": {"uv": [6.875, 6, 6.5, 6.25], "texture": "#39"}
			}
		},
		{
			"from": [10.5, 3, 13],
			"to": [11.75, 4.25, 13.5],
			"rotation": {"angle": 0, "axis": "y", "origin": [16.75, 7.25, 14]},
			"faces": {
				"north": {"uv": [2.5, 3, 3.125, 3.625], "texture": "#39"},
				"east": {"uv": [5, 5.5, 5.25, 6.125], "texture": "#39"},
				"south": {"uv": [1, 3.5, 1.625, 4.125], "texture": "#39"},
				"west": {"uv": [5.5, 5.5, 5.75, 6.125], "texture": "#39"},
				"up": {"uv": [6.625, 1.75, 6, 1.5], "texture": "#39"},
				"down": {"uv": [6.625, 2, 6, 2.25], "texture": "#39"}
			}
		},
		{
			"from": [10.75, 2.5, 13.5],
			"to": [11.5, 4.75, 13.75],
			"rotation": {"angle": 0, "axis": "y", "origin": [16.75, 7.25, 14]},
			"faces": {
				"north": {"uv": [3, 1, 3.375, 2.125], "texture": "#39"},
				"east": {"uv": [3, 6, 3.125, 7.125], "texture": "#39"},
				"south": {"uv": [2, 3, 2.375, 4.125], "texture": "#39"},
				"west": {"uv": [3.5, 6, 3.625, 7.125], "texture": "#39"},
				"up": {"uv": [2.375, 8.125, 2, 8], "texture": "#39"},
				"down": {"uv": [8.375, 2, 8, 2.125], "texture": "#39"}
			}
		},
		{
			"from": [10.75, 3, 13.75],
			"to": [11.5, 4.75, 14],
			"rotation": {"angle": 0, "axis": "y", "origin": [16.75, 7.25, 14]},
			"faces": {
				"north": {"uv": [3.5, 2, 3.875, 2.875], "texture": "#39"},
				"east": {"uv": [2, 6.5, 2.125, 7.375], "texture": "#39"},
				"south": {"uv": [3.5, 3, 3.875, 3.875], "texture": "#39"},
				"west": {"uv": [6.5, 2.5, 6.625, 3.375], "texture": "#39"},
				"up": {"uv": [2.875, 8.125, 2.5, 8], "texture": "#39"},
				"down": {"uv": [8.375, 2.5, 8, 2.625], "texture": "#39"}
			}
		},
		{
			"from": [10.75, 3.25, 14],
			"to": [11.5, 4.5, 14.25],
			"rotation": {"angle": 0, "axis": "y", "origin": [16.75, 7.25, 14]},
			"faces": {
				"north": {"uv": [1.5, 4.5, 1.875, 5.125], "texture": "#39"},
				"east": {"uv": [7, 3.5, 7.125, 4.125], "texture": "#39"},
				"south": {"uv": [2, 4.5, 2.375, 5.125], "texture": "#39"},
				"west": {"uv": [4, 7, 4.125, 7.625], "texture": "#39"},
				"up": {"uv": [3.375, 8.125, 3, 8], "texture": "#39"},
				"down": {"uv": [8.375, 3, 8, 3.125], "texture": "#39"}
			}
		},
		{
			"from": [10.5, 3, 13.5],
			"to": [10.75, 3.25, 13.75],
			"rotation": {"angle": 0, "axis": "y", "origin": [16.75, 7.25, 14]},
			"faces": {
				"north": {"uv": [8.5, 6, 8.625, 6.125], "texture": "#39"},
				"east": {"uv": [6.5, 8.5, 6.625, 8.625], "texture": "#39"},
				"south": {"uv": [8.5, 6.5, 8.625, 6.625], "texture": "#39"},
				"west": {"uv": [7, 8.5, 7.125, 8.625], "texture": "#39"},
				"up": {"uv": [8.625, 7.125, 8.5, 7], "texture": "#39"},
				"down": {"uv": [7.625, 8.5, 7.5, 8.625], "texture": "#39"}
			}
		},
		{
			"from": [10.5, 3.75, 13.5],
			"to": [10.75, 4, 13.75],
			"rotation": {"angle": 0, "axis": "y", "origin": [16.75, 7.25, 14]},
			"faces": {
				"north": {"uv": [8.5, 7.5, 8.625, 7.625], "texture": "#39"},
				"east": {"uv": [8, 8.5, 8.125, 8.625], "texture": "#39"},
				"south": {"uv": [8.5, 8, 8.625, 8.125], "texture": "#39"},
				"west": {"uv": [8.5, 8.5, 8.625, 8.625], "texture": "#39"},
				"up": {"uv": [0.125, 9.125, 0, 9], "texture": "#39"},
				"down": {"uv": [9.125, 0, 9, 0.125], "texture": "#39"}
			}
		},
		{
			"from": [10.5, 3.25, 13.5],
			"to": [10.75, 3.75, 14],
			"rotation": {"angle": 0, "axis": "y", "origin": [16.75, 7.25, 14]},
			"faces": {
				"north": {"uv": [8, 8, 8.125, 8.25], "texture": "#39"},
				"east": {"uv": [7.5, 6.5, 7.75, 6.75], "texture": "#39"},
				"south": {"uv": [0, 8.5, 0.125, 8.75], "texture": "#39"},
				"west": {"uv": [7, 7.5, 7.25, 7.75], "texture": "#39"},
				"up": {"uv": [8.625, 0.25, 8.5, 0], "texture": "#39"},
				"down": {"uv": [0.625, 8.5, 0.5, 8.75], "texture": "#39"}
			}
		},
		{
			"from": [11.5, 3.25, 13.5],
			"to": [11.75, 3.75, 14],
			"rotation": {"angle": 0, "axis": "y", "origin": [16.75, 7.25, 14]},
			"faces": {
				"north": {"uv": [8.5, 0.5, 8.625, 0.75], "texture": "#39"},
				"east": {"uv": [7.5, 7, 7.75, 7.25], "texture": "#39"},
				"south": {"uv": [1, 8.5, 1.125, 8.75], "texture": "#39"},
				"west": {"uv": [7.5, 7.5, 7.75, 7.75], "texture": "#39"},
				"up": {"uv": [8.625, 1.25, 8.5, 1], "texture": "#39"},
				"down": {"uv": [1.625, 8.5, 1.5, 8.75], "texture": "#39"}
			}
		},
		{
			"from": [11.5, 3, 13.5],
			"to": [11.75, 3.25, 13.75],
			"rotation": {"angle": 0, "axis": "y", "origin": [16.75, 7.25, 14]},
			"faces": {
				"north": {"uv": [0.5, 9, 0.625, 9.125], "texture": "#39"},
				"east": {"uv": [9, 0.5, 9.125, 0.625], "texture": "#39"},
				"south": {"uv": [1, 9, 1.125, 9.125], "texture": "#39"},
				"west": {"uv": [9, 1, 9.125, 1.125], "texture": "#39"},
				"up": {"uv": [1.625, 9.125, 1.5, 9], "texture": "#39"},
				"down": {"uv": [9.125, 1.5, 9, 1.625], "texture": "#39"}
			}
		},
		{
			"from": [11.5, 3.75, 13.5],
			"to": [11.75, 4, 13.75],
			"rotation": {"angle": 0, "axis": "y", "origin": [16.75, 7.25, 14]},
			"faces": {
				"north": {"uv": [2, 9, 2.125, 9.125], "texture": "#39"},
				"east": {"uv": [9, 2, 9.125, 2.125], "texture": "#39"},
				"south": {"uv": [2.5, 9, 2.625, 9.125], "texture": "#39"},
				"west": {"uv": [9, 2.5, 9.125, 2.625], "texture": "#39"},
				"up": {"uv": [3.125, 9.125, 3, 9], "texture": "#39"},
				"down": {"uv": [9.125, 3, 9, 3.125], "texture": "#39"}
			}
		},
		{
			"from": [10.75, 4.25, 13],
			"to": [11.5, 4.5, 13.5],
			"rotation": {"angle": 0, "axis": "y", "origin": [16.75, 7.25, 14]},
			"faces": {
				"north": {"uv": [3.5, 8, 3.875, 8.125], "texture": "#39"},
				"east": {"uv": [8.5, 1.5, 8.75, 1.625], "texture": "#39"},
				"south": {"uv": [8, 3.5, 8.375, 3.625], "texture": "#39"},
				"west": {"uv": [2, 8.5, 2.25, 8.625], "texture": "#39"},
				"up": {"uv": [6.875, 6.75, 6.5, 6.5], "texture": "#39"},
				"down": {"uv": [0.375, 7, 0, 7.25], "texture": "#39"}
			}
		},
		{
			"from": [10.75, 3.75, 14.25],
			"to": [11.5, 4, 18],
			"rotation": {"angle": 0, "axis": "y", "origin": [33.75, 1.75, 7.25]},
			"faces": {
				"north": {"uv": [4, 8, 4.375, 8.125], "texture": "#39"},
				"east": {"uv": [4.5, 3, 6.375, 3.125], "texture": "#39"},
				"south": {"uv": [8, 4, 8.375, 4.125], "texture": "#39"},
				"west": {"uv": [4.5, 3.5, 6.375, 3.625], "texture": "#39"},
				"up": {"uv": [0.875, 4.375, 0.5, 2.5], "texture": "#39"},
				"down": {"uv": [2.875, 0.5, 2.5, 2.375], "texture": "#39"}
			}
		},
		{
			"from": [10.75, 3.5, 14.25],
			"to": [11.5, 3.75, 19],
			"rotation": {"angle": 0, "axis": "y", "origin": [33.75, 1.75, 7.25]},
			"faces": {
				"north": {"uv": [4.5, 8, 4.875, 8.125], "texture": "#39"},
				"east": {"uv": [4, 0, 6.375, 0.125], "texture": "#39"},
				"south": {"uv": [8, 4.5, 8.375, 4.625], "texture": "#39"},
				"west": {"uv": [4, 0.5, 6.375, 0.625], "texture": "#39"},
				"up": {"uv": [2.375, 2.875, 2, 0.5], "texture": "#39"},
				"down": {"uv": [0.375, 2.5, 0, 4.875], "texture": "#39"}
			}
		},
		{
			"from": [10.75, 3.25, 17.5],
			"to": [11.5, 3.5, 19],
			"rotation": {"angle": 0, "axis": "y", "origin": [33.75, 1.75, 7.25]},
			"faces": {
				"north": {"uv": [5, 8, 5.375, 8.125], "texture": "#39"},
				"east": {"uv": [7, 0, 7.75, 0.125], "texture": "#39"},
				"south": {"uv": [8, 5, 8.375, 5.125], "texture": "#39"},
				"west": {"uv": [7, 0.5, 7.75, 0.625], "texture": "#39"},
				"up": {"uv": [4.375, 2.75, 4, 2], "texture": "#39"},
				"down": {"uv": [2.875, 4, 2.5, 4.75], "texture": "#39"}
			}
		},
		{
			"from": [11, 3.25, 14.25],
			"to": [11.25, 3.5, 17.5],
			"rotation": {"angle": 0, "axis": "y", "origin": [33.75, 1.75, 7.25]},
			"faces": {
				"north": {"uv": [3.5, 9, 3.625, 9.125], "texture": "#39"},
				"east": {"uv": [4, 5, 5.625, 5.125], "texture": "#39"},
				"south": {"uv": [9, 3.5, 9.125, 3.625], "texture": "#39"},
				"west": {"uv": [5.5, 1, 7.125, 1.125], "texture": "#39"},
				"up": {"uv": [2.625, 6.625, 2.5, 5], "texture": "#39"},
				"down": {"uv": [1.625, 5.5, 1.5, 7.125], "texture": "#39"}
			}
		},
		{
			"from": [11, 4, 14.25],
			"to": [11.25, 4.25, 18],
			"rotation": {"angle": 0, "axis": "y", "origin": [33.75, 1.75, 7.25]},
			"faces": {
				"north": {"uv": [4, 9, 4.125, 9.125], "texture": "#39"},
				"east": {"uv": [4.5, 4, 6.375, 4.125], "texture": "#39"},
				"south": {"uv": [9, 4, 9.125, 4.125], "texture": "#39"},
				"west": {"uv": [4.5, 4.5, 6.375, 4.625], "texture": "#39"},
				"up": {"uv": [0.125, 6.875, 0, 5], "texture": "#39"},
				"down": {"uv": [5.125, 1, 5, 2.875], "texture": "#39"}
			}
		},
		{
			"from": [11, 3.75, 18],
			"to": [11.25, 4, 19.25],
			"rotation": {"angle": 0, "axis": "y", "origin": [33.75, 1.75, 7.25]},
			"faces": {
				"north": {"uv": [4.5, 9, 4.625, 9.125], "texture": "#39"},
				"east": {"uv": [4.5, 7, 5.125, 7.125], "texture": "#39"},
				"south": {"uv": [9, 4.5, 9.125, 4.625], "texture": "#39"},
				"west": {"uv": [7, 4.5, 7.625, 4.625], "texture": "#39"},
				"up": {"uv": [7.125, 5.625, 7, 5], "texture": "#39"},
				"down": {"uv": [5.625, 7, 5.5, 7.625], "texture": "#39"}
			}
		},
		{
			"from": [11, 3.25, 19],
			"to": [11.25, 3.75, 19.25],
			"rotation": {"angle": 0, "axis": "y", "origin": [33.75, 1.75, 7.25]},
			"faces": {
				"north": {"uv": [8.5, 2, 8.625, 2.25], "texture": "#39"},
				"east": {"uv": [2.5, 8.5, 2.625, 8.75], "texture": "#39"},
				"south": {"uv": [8.5, 2.5, 8.625, 2.75], "texture": "#39"},
				"west": {"uv": [3, 8.5, 3.125, 8.75], "texture": "#39"},
				"up": {"uv": [5.125, 9.125, 5, 9], "texture": "#39"},
				"down": {"uv": [9.125, 5, 9, 5.125], "texture": "#39"}
			}
		},
		{
			"from": [11, 3, 17.5],
			"to": [11.25, 3.25, 19],
			"rotation": {"angle": 0, "axis": "y", "origin": [33.75, 1.75, 7.25]},
			"faces": {
				"north": {"uv": [5.5, 9, 5.625, 9.125], "texture": "#39"},
				"east": {"uv": [7, 1.5, 7.75, 1.625], "texture": "#39"},
				"south": {"uv": [9, 5.5, 9.125, 5.625], "texture": "#39"},
				"west": {"uv": [7, 2, 7.75, 2.125], "texture": "#39"},
				"up": {"uv": [2.625, 7.75, 2.5, 7], "texture": "#39"},
				"down": {"uv": [7.125, 2.5, 7, 3.25], "texture": "#39"}
			}
		}
	],
	"display": {
		"thirdperson_righthand": {
			"rotation": [90.5, 0, 0],
			"translation": [-3, 6.5, 6.75]
		},
		"thirdperson_lefthand": {
			"rotation": [90.5, 0, 0],
			"translation": [3, 6.5, 6.75]
		},
		"firstperson_righthand": {
			"rotation": [80, 0, 0],
			"translation": [0, 4.5, 0],
			"scale": [0.9, 0.9, 0.9]
		},
		"firstperson_lefthand": {
			"rotation": [80, 0, 0],
			"translation": [4.75, 4.5, 0],
			"scale": [0.9, 0.9, 0.9]
		},
		"ground": {
			"rotation": [90, 0, 0],
			"translation": [0, 8, 0]
		},
		"gui": {
			"rotation": [90, -50, 90],
			"translation": [-2.75, 0.25, 0],
			"scale": [0.7, 0.7, 0.7]
		},
		"head": {
			"rotation": [90, 0, 0],
			"translation": [6.5, 0, -9.25]
		},
		"fixed": {
			"rotation": [90, 45, -90],
			"translation": [3.25, 0, 1.75],
			"scale": [0.75, 0.75, 0.75]
		}
	},
	"groups": [
		{
			"name": "bone4",
			"origin": [71, 3, 6],
			"color": 0,
			"children": [
				{
					"name": "bone6",
					"origin": [41, 3.25, 6],
					"color": 0,
					"children": [0, 1, 2, 3, 4, 5, 6, 7, 8, 9, 10, 11, 12, 13, 14]
				},
				{
					"name": "bone5",
					"origin": [16.75, 7.25, 14],
					"color": 0,
					"children": [15, 16, 17, 18, 19, 20, 21, 22, 23, 24, 25, 26]
				},
				{
					"name": "bone7",
					"origin": [33.75, 1.75, 7.25],
					"color": 0,
					"children": [27, 28, 29, 30, 31, 32, 33, 34]
				}
			]
		}
	]
}